<?xml version="1.0" encoding="ISO-8859-1" ?>
<REPORT>
   <ASSEMBLYNUMBER>73-19882-04</ASSEMBLYNUMBER>
   <SCHEMATICNUMBER>92-103749-04</SCHEMATICNUMBER>
   <BOARDNAME>PCA, DBRD, NG2 1RU, CPU BOARD, Broadwell DE</BOARDNAME>
   <ENGINEER>F1318569</ENGINEER>
   <PATH>C:/Agilent_ICT/boards/73-19882-04</PATH>
   <SOFTWAREVERSION>2.102</SOFTWAREVERSION>
   <TIMESTAMP>Mon Sep 28 14:21:26 2020</TIMESTAMP>
   <SYSTEMTYPE>3070</SYSTEMTYPE>
   <PINCOVERAGE>
      <UNPOWEREDANALOG>
         <TESTED>3359</TESTED>
         <TOTAL>3554</TOTAL>
      </UNPOWEREDANALOG>
      <DIGITAL>
         <TESTED>1066</TESTED>
         <TOTAL>1339</TOTAL>
      </DIGITAL>
   </PINCOVERAGE>
   <DEVICECOVERAGE>
      <CAPACITOR>
         <TESTED>223</TESTED>
         <TOTAL>264</TOTAL>
      </CAPACITOR>
      <CONNECTOR>
         <TESTED>2</TESTED>
         <TOTAL>16</TOTAL>
      </CONNECTOR>
      <DIODE>
         <TESTED>41</TESTED>
         <TOTAL>41</TOTAL>
      </DIODE>
      <FILTER>
         <TESTED>-</TESTED>
         <TOTAL>-</TOTAL>
      </FILTER>
      <FUSE>
         <TESTED>-</TESTED>
         <TOTAL>-</TOTAL>
      </FUSE>
      <INDUCTOR>
         <TESTED>53</TESTED>
         <TOTAL>53</TOTAL>
      </INDUCTOR>
      <JUMPER>
         <TESTED>-</TESTED>
         <TOTAL>-</TOTAL>
      </JUMPER>
      <RESISTOR>
         <TESTED>1316</TESTED>
         <TOTAL>1363</TOTAL>
      </RESISTOR>
      <TRANSISTOR>
         <TESTED>23</TESTED>
         <TOTAL>25</TOTAL>
      </TRANSISTOR>
      <RPACK>
         <TESTED>1</TESTED>
         <TOTAL>1</TOTAL>
      </RPACK>
      <LED>
         <TESTED>22</TESTED>
         <TOTAL>22</TOTAL>
      </LED>
      <OSCILLATOR>
         <TESTED>1</TESTED>
         <TOTAL>7</TOTAL>
      </OSCILLATOR>
      <DIGITAL>
         <TESTED>41</TESTED>
         <TOTAL>44</TOTAL>
      </DIGITAL>
      <POWEREDANALOG>
         <TESTED>28</TESTED>
         <TOTAL>29</TOTAL>
      </POWEREDANALOG>
   </DEVICECOVERAGE>
   <DIGITALPINCOVERAGE>
      <a_u85>
         <SIGNALPINTESTED>0</SIGNALPINTESTED>
         <SIGNALPINTOTAL>4</SIGNALPINTOTAL>
      </a_u85>
      <a_u139>
         <SIGNALPINTESTED>14</SIGNALPINTESTED>
         <SIGNALPINTOTAL>14</SIGNALPINTOTAL>
      </a_u139>
      <a_u149>
         <SIGNALPINTESTED>3</SIGNALPINTESTED>
         <SIGNALPINTOTAL>3</SIGNALPINTOTAL>
      </a_u149>
      <fc_u4>
         <SIGNALPINTESTED>6</SIGNALPINTESTED>
         <SIGNALPINTOTAL>6</SIGNALPINTOTAL>
      </fc_u4>
      <u1>
         <SIGNALPINTESTED>123</SIGNALPINTESTED>
         <SIGNALPINTOTAL>129</SIGNALPINTOTAL>
      </u1>
      <u1_c>
         <SIGNALPINTESTED>344</SIGNALPINTESTED>
         <SIGNALPINTOTAL>584</SIGNALPINTOTAL>
      </u1_c>
      <u1_i2>
         <SIGNALPINTESTED>39</SIGNALPINTESTED>
         <SIGNALPINTOTAL>45</SIGNALPINTOTAL>
      </u1_i2>
      <u2_i2>
         <SIGNALPINTESTED>6</SIGNALPINTESTED>
         <SIGNALPINTOTAL>6</SIGNALPINTOTAL>
      </u2_i2>
      <u3>
         <SIGNALPINTESTED>6</SIGNALPINTESTED>
         <SIGNALPINTOTAL>6</SIGNALPINTOTAL>
      </u3>
      <u4>
         <SIGNALPINTESTED>5</SIGNALPINTESTED>
         <SIGNALPINTOTAL>6</SIGNALPINTOTAL>
      </u4>
      <u22>
         <SIGNALPINTESTED>3</SIGNALPINTESTED>
         <SIGNALPINTOTAL>3</SIGNALPINTOTAL>
      </u22>
      <u24>
         <SIGNALPINTESTED>14</SIGNALPINTESTED>
         <SIGNALPINTOTAL>14</SIGNALPINTOTAL>
      </u24>
      <u25>
         <SIGNALPINTESTED>9</SIGNALPINTESTED>
         <SIGNALPINTOTAL>10</SIGNALPINTOTAL>
      </u25>
      <u33_c>
         <SIGNALPINTESTED>0</SIGNALPINTESTED>
         <SIGNALPINTOTAL>4</SIGNALPINTOTAL>
      </u33_c>
      <u34_c>
         <SIGNALPINTESTED>6</SIGNALPINTESTED>
         <SIGNALPINTOTAL>6</SIGNALPINTOTAL>
      </u34_c>
      <u36_c>
         <SIGNALPINTESTED>6</SIGNALPINTESTED>
         <SIGNALPINTOTAL>6</SIGNALPINTOTAL>
      </u36_c>
      <u38>
         <SIGNALPINTESTED>6</SIGNALPINTESTED>
         <SIGNALPINTOTAL>6</SIGNALPINTOTAL>
      </u38>
      <u40>
         <SIGNALPINTESTED>252</SIGNALPINTESTED>
         <SIGNALPINTOTAL>257</SIGNALPINTOTAL>
      </u40>
      <u42>
         <SIGNALPINTESTED>14</SIGNALPINTESTED>
         <SIGNALPINTOTAL>14</SIGNALPINTOTAL>
      </u42>
      <u43>
         <SIGNALPINTESTED>4</SIGNALPINTESTED>
         <SIGNALPINTOTAL>4</SIGNALPINTOTAL>
      </u43>
      <u46>
         <SIGNALPINTESTED>25</SIGNALPINTESTED>
         <SIGNALPINTOTAL>25</SIGNALPINTOTAL>
      </u46>
      <u49>
         <SIGNALPINTESTED>12</SIGNALPINTESTED>
         <SIGNALPINTOTAL>12</SIGNALPINTOTAL>
      </u49>
      <u51_c>
         <SIGNALPINTESTED>13</SIGNALPINTESTED>
         <SIGNALPINTOTAL>14</SIGNALPINTOTAL>
      </u51_c>
      <u57>
         <SIGNALPINTESTED>18</SIGNALPINTESTED>
         <SIGNALPINTOTAL>18</SIGNALPINTOTAL>
      </u57>
      <u64>
         <SIGNALPINTESTED>14</SIGNALPINTESTED>
         <SIGNALPINTOTAL>14</SIGNALPINTOTAL>
      </u64>
      <u66>
         <SIGNALPINTESTED>14</SIGNALPINTESTED>
         <SIGNALPINTOTAL>14</SIGNALPINTOTAL>
      </u66>
      <u68>
         <SIGNALPINTESTED>6</SIGNALPINTESTED>
         <SIGNALPINTOTAL>6</SIGNALPINTOTAL>
      </u68>
      <u69>
         <SIGNALPINTESTED>4</SIGNALPINTESTED>
         <SIGNALPINTOTAL>4</SIGNALPINTOTAL>
      </u69>
      <u72>
         <SIGNALPINTESTED>4</SIGNALPINTESTED>
         <SIGNALPINTOTAL>4</SIGNALPINTOTAL>
      </u72>
      <u74>
         <SIGNALPINTESTED>15</SIGNALPINTESTED>
         <SIGNALPINTOTAL>15</SIGNALPINTOTAL>
      </u74>
      <u78>
         <SIGNALPINTESTED>10</SIGNALPINTESTED>
         <SIGNALPINTOTAL>10</SIGNALPINTOTAL>
      </u78>
      <u83_c>
         <SIGNALPINTESTED>4</SIGNALPINTESTED>
         <SIGNALPINTOTAL>4</SIGNALPINTOTAL>
      </u83_c>
      <u92_c>
         <SIGNALPINTESTED>5</SIGNALPINTESTED>
         <SIGNALPINTOTAL>6</SIGNALPINTOTAL>
      </u92_c>
      <u111>
         <SIGNALPINTESTED>6</SIGNALPINTESTED>
         <SIGNALPINTOTAL>6</SIGNALPINTOTAL>
      </u111>
      <u116>
         <SIGNALPINTESTED>3</SIGNALPINTESTED>
         <SIGNALPINTOTAL>3</SIGNALPINTOTAL>
      </u116>
      <u125_c>
         <SIGNALPINTESTED>3</SIGNALPINTESTED>
         <SIGNALPINTOTAL>3</SIGNALPINTOTAL>
      </u125_c>
      <u135_c>
         <SIGNALPINTESTED>6</SIGNALPINTESTED>
         <SIGNALPINTOTAL>6</SIGNALPINTOTAL>
      </u135_c>
      <u136_c>
         <SIGNALPINTESTED>2</SIGNALPINTESTED>
         <SIGNALPINTOTAL>2</SIGNALPINTOTAL>
      </u136_c>
      <u137_c>
         <SIGNALPINTESTED>3</SIGNALPINTESTED>
         <SIGNALPINTOTAL>3</SIGNALPINTOTAL>
      </u137_c>
      <u158>
         <SIGNALPINTESTED>12</SIGNALPINTESTED>
         <SIGNALPINTOTAL>12</SIGNALPINTOTAL>
      </u158>
      <u171>
         <SIGNALPINTESTED>6</SIGNALPINTESTED>
         <SIGNALPINTOTAL>6</SIGNALPINTOTAL>
      </u171>
      <u175_c>
         <SIGNALPINTESTED>16</SIGNALPINTESTED>
         <SIGNALPINTOTAL>16</SIGNALPINTOTAL>
      </u175_c>
      <u176_c>
         <SIGNALPINTESTED>5</SIGNALPINTESTED>
         <SIGNALPINTOTAL>5</SIGNALPINTOTAL>
      </u176_c>
      <x_u17>
         <SIGNALPINTESTED>0</SIGNALPINTESTED>
         <SIGNALPINTOTAL>4</SIGNALPINTOTAL>
      </x_u17>
   </DIGITALPINCOVERAGE>
   <UNTESTEDDEVICES>
      <REFDES>c13</REFDES>
      <REFDES>c14</REFDES>
      <REFDES>c20</REFDES>
      <REFDES>c21</REFDES>
      <REFDES>c60</REFDES>
      <REFDES>c61</REFDES>
      <REFDES>c83</REFDES>
      <REFDES>c86</REFDES>
      <REFDES>c87</REFDES>
      <REFDES>c89</REFDES>
      <REFDES>c90</REFDES>
      <REFDES>c91</REFDES>
      <REFDES>c92</REFDES>
      <REFDES>c93</REFDES>
      <REFDES>c111</REFDES>
      <REFDES>c125</REFDES>
      <REFDES>c375</REFDES>
      <REFDES>c472</REFDES>
      <REFDES>c473</REFDES>
      <REFDES>c474</REFDES>
      <REFDES>c476</REFDES>
      <REFDES>c494</REFDES>
      <REFDES>c495</REFDES>
      <REFDES>c505</REFDES>
      <REFDES>c506</REFDES>
      <REFDES>c534</REFDES>
      <REFDES>c535</REFDES>
      <REFDES>c563</REFDES>
      <REFDES>c564</REFDES>
      <REFDES>c599</REFDES>
      <REFDES>c627</REFDES>
      <REFDES>c639</REFDES>
      <REFDES>c641</REFDES>
      <REFDES>c643</REFDES>
      <REFDES>c1136_c</REFDES>
      <REFDES>c1137_c</REFDES>
      <REFDES>c1138_c</REFDES>
      <REFDES>c1139_c</REFDES>
      <REFDES>dma1_c5</REFDES>
      <REFDES>e_c622</REFDES>
      <REFDES>e_c760</REFDES>
      <REFDES>j2</REFDES>
      <REFDES>j3</REFDES>
      <REFDES>j8</REFDES>
      <REFDES>j2001_c</REFDES>
      <REFDES>j2003_c</REFDES>
      <REFDES>mb_slvr</REFDES>
      <REFDES>p1</REFDES>
      <REFDES>p2</REFDES>
      <REFDES>p3</REFDES>
      <REFDES>p4</REFDES>
      <REFDES>p5</REFDES>
      <REFDES>p10</REFDES>
      <REFDES>p45_50</REFDES>
      <REFDES>u36_ca</REFDES>
      <REFDES>a_u85</REFDES>
      <REFDES>u33_c</REFDES>
      <REFDES>x_u17</REFDES>
      <REFDES>u50_c</REFDES>
      <REFDES>y1_c</REFDES>
      <REFDES>y2</REFDES>
      <REFDES>y2_c</REFDES>
      <REFDES>y5_c</REFDES>
      <REFDES>y7_i2</REFDES>
      <REFDES>b1a</REFDES>
      <REFDES>a_r1364</REFDES>
      <REFDES>a_r1492</REFDES>
      <REFDES>r35</REFDES>
      <REFDES>r50</REFDES>
      <REFDES>r51</REFDES>
      <REFDES>r224</REFDES>
      <REFDES>r226</REFDES>
      <REFDES>r228</REFDES>
      <REFDES>r232</REFDES>
      <REFDES>r244_c</REFDES>
      <REFDES>r253</REFDES>
      <REFDES>r258</REFDES>
      <REFDES>r284_c</REFDES>
      <REFDES>r501</REFDES>
      <REFDES>r578</REFDES>
      <REFDES>r579</REFDES>
      <REFDES>r648_i2</REFDES>
      <REFDES>r672</REFDES>
      <REFDES>r753_c</REFDES>
      <REFDES>r769</REFDES>
      <REFDES>r810_c</REFDES>
      <REFDES>r1014</REFDES>
      <REFDES>r1132_c</REFDES>
      <REFDES>r1135_c</REFDES>
      <REFDES>r1167</REFDES>
      <REFDES>r1405</REFDES>
      <REFDES>r1406</REFDES>
      <REFDES>r1423</REFDES>
      <REFDES>r1480</REFDES>
      <REFDES>r1506_c</REFDES>
      <REFDES>r1590</REFDES>
      <REFDES>r1590_c</REFDES>
      <REFDES>r1770_c</REFDES>
      <REFDES>r1777_c</REFDES>
      <REFDES>r1814_c</REFDES>
      <REFDES>r1816_c</REFDES>
      <REFDES>r1817_c</REFDES>
      <REFDES>r1818_c</REFDES>
      <REFDES>r1819_c</REFDES>
      <REFDES>r1887_c</REFDES>
      <REFDES>r1888_c</REFDES>
      <REFDES>r1889_c</REFDES>
      <REFDES>r1890_c</REFDES>
      <REFDES>r1899_c</REFDES>
      <REFDES>r1901_c</REFDES>
      <REFDES>x_r224</REFDES>
      <REFDES>x_r225</REFDES>
      <REFDES>sw3</REFDES>
      <REFDES>dma1_q1</REFDES>
      <REFDES>dma1_q1%pwr1</REFDES>
      <REFDES>dma1_q1%pwr2</REFDES>
      <REFDES>dma1_q1%qf1</REFDES>
      <REFDES>dma1_q1%qf2</REFDES>
      <REFDES>dma1_q2</REFDES>
      <REFDES>dma1_q2%pwr1</REFDES>
      <REFDES>dma1_q2%pwr2</REFDES>
      <REFDES>dma1_q2%qf1</REFDES>
      <REFDES>dma1_q2%qf2</REFDES>
   </UNTESTEDDEVICES>
   <UNEXPECTEDTESTS>
      <b1a>
         <CPNO>35-100123-01</CPNO>
         <DESC>BATT,LI,3V,220mAH,CR2032,Pb-FREE</DESC>
         <EXPECTEDTYPE>AnalogPowered</EXPECTEDTYPE>
         <ACTUALTYPE>AnalogUnpowered</ACTUALTYPE>
      </b1a>
   </UNEXPECTEDTESTS>
</REPORT>
